nickname,user_type,estimated_followers,post_count,avg_liked,avg_collected,avg_comment,avg_total_engagement,avg_engagement_rate,koc_score,max_total_engagement
健身教练,KOC,107,1,400.0,200.0,50.0,680.0,12710.280373831774,69.2,680
瑜伽老师,KOC,3922,1,350.0,200.0,40.0,610.0,311.0657827638959,64.4,610
运动博主,KOC,950,1,300.0,180.0,45.0,550.0,1157.8947368421052,64.0,550
瑜伽导师,KOC,439,1,250.0,150.0,35.0,455.0,2072.8929384965827,60.2,455
健身达人,Nano KOL,4432,1,200.0,120.0,30.0,365.0,164.71119133574007,52.6,365
