nickname,user_type,estimated_followers,post_count,avg_liked,avg_collected,avg_comment,avg_total_engagement,avg_engagement_rate,koc_score,max_total_engagement
健身教练,KOC,913,1,400.0,200.0,50.0,680.0,1489.5947426067905,69.2,680
运动博主,KOC,463,1,300.0,180.0,45.0,550.0,2375.809935205183,64.0,550
健身博主,KOC,149,1,180.0,90.0,25.0,307.0,4120.805369127517,54.28,307
普拉提老师,KOC,377,1,150.0,80.0,20.0,260.0,1379.310344827586,52.4,260
健身新手,KOC,338,1,120.0,60.0,15.0,203.0,1201.1834319526627,50.120000000000005,203
